outage_date,outage_year,outage_month,outage_dayofweek,outage_quarter,season,is_wildfire_season,is_weekend,CAUSE.CATEGORY,CAUSE.CATEGORY.DETAIL,OUTAGE.DURATION,DEMAND.LOSS.MW,CUSTOMERS.AFFECTED,duration_category,impact_category,is_wildfire_related,daily_fire_count,daily_acres_burned,avg_fire_size,max_fire_size,large_fire_count,large_fire_acres,satellite_detections,total_frp,avg_frp,max_frp,avg_confidence,fires_7day,fires_30day,acres_7day,acres_30day,is_high_severity,is_long_duration,has_active_fire,is_high_fire_activity,kmeans_cluster,hierarchical_cluster,dbscan_cluster
2007-09-04,2007,9,1,3,Fall,1,0,severe weather,heatwave,420.0,,,Medium,Unknown,0,48.0,24.55,0.5114583333333333,5.0,0.0,0.0,165.0,34776.4,210.76606060606065,2500.9,89.83636363636364,480.0,1473.0,119713.42999999988,134779.78,0,0,1,1,2,1,0
2008-05-08,2008,5,3,2,Spring,0,0,system operability disruption,,155.0,483.0,,Medium,Unknown,0,16.0,76.7,4.79375,52.0,0.0,0.0,17.0,520.6,30.623529411764707,175.7,70.52941176470588,133.0,693.0,2752.659999999884,5495.7699999999995,0,0,1,0,1,0,0
2006-05-19,2006,5,4,2,Spring,0,0,severe weather,thunderstorm,437.0,133.0,,Medium,Unknown,0,15.0,14.1,0.94,10.0,0.0,0.0,0.0,0.0,0.0,0.0,0.0,194.0,399.0,2759.1399999998835,3000.94,0,0,1,0,1,0,0
2015-10-13,2015,10,1,4,Fall,1,0,public appeal,,247.0,41788.0,,Medium,Unknown,0,20.0,255.25,12.7625,250.0,0.0,0.0,13.0,1615.2,124.24615384615385,418.1,79.61538461538461,126.0,572.0,1100.9299999998254,3807.79,1,0,1,1,0,1,-1
2014-02-06,2014,2,3,1,Winter,0,0,fuel supply emergency, Natural Gas,540.0,4000.0,,Long,Unknown,0,3.0,1.2,0.3999999999999999,1.0,0.0,0.0,0.0,0.0,0.0,0.0,0.0,61.0,445.0,43.51999999982538,4157.610000000001,1,1,1,0,0,1,0
2013-04-25,2013,4,3,2,Spring,0,0,intentional attack,vandalism,1135.0,0.0,0.0,Long,Low,0,30.0,19.14,0.638,7.0,0.0,0.0,7.0,174.7,24.957142857142856,46.9,72.57142857142857,226.0,537.0,573.9299999998253,1642.63,0,1,1,1,1,0,0
2008-01-29,2008,1,1,1,Winter,0,0,equipment failure,,437.0,,,Medium,Unknown,0,1.0,1.0,1.0,1.0,0.0,0.0,2.0,43.0,21.5,22.8,69.0,10.0,88.0,25.39999999988359,121.8999999999991,0,0,1,0,1,0,0
2006-07-24,2006,7,0,3,Summer,1,0,severe weather,heatwave,180.0,695.0,,Medium,Unknown,0,161.0,124358.95,772.4158385093167,66113.0,6.0,123019.0,94.0,11231.2,119.4808510638298,1104.9,87.12765957446808,664.0,2312.0,218728.30999999988,403733.82000000007,0,0,1,1,2,1,0
2005-07-21,2005,7,3,3,Summer,1,0,system operability disruption,,171.0,197.0,128050.0,Medium,Severe,0,45.0,495.75,11.016666666666667,181.0,0.0,0.0,8.0,611.2,76.4,304.1,83.625,298.0,1355.0,19625.719999999885,117483.2,1,0,1,1,2,1,0
2013-08-19,2013,8,0,3,Summer,1,0,severe weather,lightning,656.0,685.0,124000.0,Long,Severe,0,93.0,1010.89,10.86978494623656,413.0,0.0,0.0,114.0,8405.3,73.73070175438596,1067.2,85.16666666666667,316.0,1242.0,261734.1399999998,388940.411,1,1,1,1,2,2,0
2005-09-12,2005,9,0,3,Fall,1,0,equipment failure,,84.0,2578.0,900000.0,Medium,Severe,0,25.0,181.1,7.244,136.0,0.0,0.0,31.0,1123.4,36.23870967741936,236.8,76.54838709677419,204.0,1084.0,3869.249999999883,24093.460000000003,1,0,1,1,2,0,0
2005-08-08,2005,8,0,3,Summer,1,0,equipment failure,plant trip,202.0,240.0,,Medium,Unknown,0,32.0,261.75,8.1796875,204.0,0.0,0.0,20.0,1421.4,71.07,645.4,78.75,329.0,1345.0,2918.6199999998835,49669.39,0,0,1,1,2,1,0
2013-06-23,2013,6,6,2,Summer,1,1,severe weather,fog,255.0,,148000.0,Medium,Severe,0,58.0,102.43,1.7660344827586207,24.0,0.0,0.0,0.0,0.0,0.0,0.0,0.0,320.0,1300.0,857.339999999829,45898.18,1,0,1,1,2,1,0
2008-07-02,2008,7,2,3,Summer,1,0,severe weather,wildfire,1054.0,119.0,37784.0,Long,Medium,1,41.0,641.33,15.64219512195122,289.0,0.0,0.0,421.0,24891.1,59.123752969121135,1688.1,82.18052256532067,273.0,1956.0,55377.16999999989,1109865.87,0,1,1,1,2,2,1
2015-02-05,2015,2,3,1,Winter,0,0,intentional attack,vandalism,1.0,,,Short,Unknown,0,3.0,13.25,4.416666666666667,12.0,0.0,0.0,23.0,1606.3,69.8391304347826,374.0,81.1304347826087,30.0,102.0,52.85999999982536,155.29000000001457,0,0,1,0,1,0,0
2013-02-19,2013,2,1,1,Winter,0,0,islanding,,1254.0,13850.0,6810.0,Long,Low,0,2.0,0.12,0.06,0.1,0.0,0.0,0.0,0.0,0.0,0.0,0.0,76.0,171.0,37.369999999825374,459.81,1,1,1,0,0,1,-1
2011-03-20,2011,3,6,1,Spring,0,1,severe weather,storm,1456.0,,79000.0,Extended,High,0,3.0,0.21,0.07,0.1,0.0,0.0,0.0,0.0,0.0,0.0,0.0,30.0,136.0,858.0999999998527,1297.4999999999998,1,1,1,0,0,0,0
2010-09-27,2010,9,0,3,Fall,1,0,system operability disruption,,177.0,595.0,,Medium,Unknown,0,27.0,170.42000000000002,6.311851851851852,64.0,0.0,0.0,7.0,297.7,42.528571428571425,65.0,66.0,165.0,777.0,608.3399999998526,13229.5,0,0,1,1,1,1,0
2013-07-05,2013,7,4,3,Summer,1,0,intentional attack,vandalism,106.0,,2500.0,Medium,Low,0,61.0,68.87,1.129016393442623,20.0,0.0,0.0,116.0,62954.0,542.7068965517242,6976.0,91.40517241379312,474.0,1480.0,2295.469999999829,12397.311000000003,0,0,1,1,2,1,0
2015-09-20,2015,9,6,3,Fall,1,1,system operability disruption,,32.0,150.0,,Short,Unknown,0,23.0,102.45,4.4543478260869565,56.0,0.0,0.0,31.0,5121.1,165.1967741935484,749.2,86.09677419354838,134.0,724.0,1380.5799999998255,152392.53999999998,0,0,1,1,1,1,0
2011-11-30,2011,11,2,4,Fall,1,0,severe weather,,2464.0,,150000.0,Extended,Severe,0,20.0,186.93,9.3465,135.0,0.0,0.0,1.0,7.0,7.0,7.0,55.0,69.0,330.0,209.2699999998545,1190.09,1,1,1,1,0,0,0
2015-07-15,2015,7,2,3,Summer,1,0,system operability disruption,uncontrolled loss,55.0,360.0,,Short,Unknown,0,43.0,30.02,0.6981395348837209,5.0,0.0,0.0,8.0,204.5,25.5625,75.4,74.625,282.0,1531.0,956.3699999998254,80455.57000000002,0,0,1,1,2,1,0
2010-09-01,2010,9,2,3,Fall,1,0,islanding,,144.0,31.0,15000.0,Medium,Medium,0,39.0,131.63,3.375128205128205,85.0,0.0,0.0,15.0,1428.8,95.25333333333332,895.5,79.86666666666666,271.0,1064.0,2297.459999999854,13481.0,0,0,1,1,2,1,0
2011-07-12,2011,7,1,3,Summer,1,0,intentional attack,vandalism,70.0,,,Medium,Unknown,0,42.0,379.63,9.038809523809524,347.0,0.0,0.0,8.0,434.4,54.3,140.9,70.375,378.0,1559.0,23086.669999999853,39393.46,0,0,1,1,2,1,0
2007-08-29,2007,8,2,3,Summer,1,0,system operability disruption,,64.0,180.0,26000.0,Medium,Medium,0,70.0,1948.8,27.84,1440.0,1.0,1440.0,12.0,1081.6,90.13333333333334,286.7,83.33333333333333,359.0,1337.0,4255.489999999883,18278.72,0,0,1,1,2,1,0
2011-02-17,2011,2,3,1,Winter,0,0,intentional attack,vandalism,8873.0,0.0,0.0,Extended,Low,0,1.0,0.11,0.11,0.11,0.0,0.0,17.0,2159.9,127.0529411764706,344.0,90.47058823529412,43.0,203.0,43.909999999852666,172.04,0,1,1,0,1,0,0
2009-11-18,2009,11,2,4,Fall,1,0,equipment failure,switching,945.0,630.0,,Long,Unknown,0,10.0,3.3,0.3299999999999999,1.0,0.0,0.0,56.0,4371.3,78.05892857142858,289.2,71.32142857142857,62.0,300.0,181.06999999985447,1026.11,0,1,1,0,1,0,0
2015-06-08,2015,6,0,2,Summer,1,0,fuel supply emergency,,,176.0,,Unknown,Unknown,0,32.0,121.27,3.7896875,75.0,0.0,0.0,4.0,142.10000000000002,35.525000000000006,70.7,76.0,259.0,791.0,415.1599999998254,1917.1600000000144,0,0,1,1,2,1,0
2008-01-04,2008,1,4,1,Winter,0,0,severe weather,storm,523.0,300.0,150000.0,Long,Severe,0,0.0,0.0,0.0,0.0,0.0,0.0,0.0,0.0,0.0,0.0,0.0,46.0,199.0,65.2999999998836,130.3099999999991,1,1,0,0,0,0,0
2010-03-31,2010,3,2,1,Spring,0,0,system operability disruption,,56.0,324.0,290000.0,Short,Severe,0,6.0,8.2,1.3666666666666665,7.3,0.0,0.0,0.0,0.0,0.0,0.0,0.0,36.0,102.0,171.8599999998545,300.29,1,0,1,0,1,0,0
2008-09-30,2008,9,1,3,Fall,1,0,islanding,,3.0,30.0,10000.0,Short,Medium,0,32.0,1006.05,31.4390625,914.0,0.0,0.0,86.0,9913.8,115.2767441860465,553.6,83.55813953488372,156.0,751.0,12787.769999999884,23555.140000000003,0,0,1,1,2,1,0
2006-12-26,2006,12,1,4,Winter,0,0,severe weather,,8472.0,420.0,850068.0,Extended,Severe,0,8.0,10.75,1.34375,4.0,0.0,0.0,1.0,10.9,10.9,10.9,64.0,36.0,277.0,143.6499999998836,35275.64,1,1,1,0,0,0,0
2007-05-14,2007,5,0,2,Spring,0,0,equipment failure,generator trip,155.0,150.0,,Medium,Unknown,0,30.0,14.0,0.4666666666666667,1.0,0.0,0.0,4.0,99.4,24.85,38.2,71.25,255.0,730.0,7963.299999999884,9566.61,0,0,1,1,1,0,0
2004-03-08,2004,3,0,1,Spring,0,0,system operability disruption,,33.0,300.0,70000.0,Short,High,0,4.0,2.4,0.6,2.0,0.0,0.0,9.0,399.7,44.41111111111111,157.8,71.55555555555556,15.0,76.0,4.399999999883599,183.9,1,0,1,0,1,0,0
2008-02-02,2008,2,5,1,Winter,0,1,equipment failure,,749.0,,,Long,Unknown,0,4.0,2.2,0.55,1.0,0.0,0.0,1.0,43.4,43.4,43.4,88.0,14.0,65.0,7.049999999883589,64.54999999999909,0,1,1,0,1,0,0
2006-12-10,2006,12,6,4,Winter,0,1,equipment failure,generator trip,159.0,220.0,,Medium,Unknown,0,4.0,2.4,0.6,1.0,0.0,0.0,0.0,0.0,0.0,0.0,0.0,102.0,339.0,4653.019999999884,35918.89000000001,0,0,1,0,1,0,0
2008-07-02,2008,7,2,3,Summer,1,0,fuel supply emergency,,,,,Unknown,Unknown,0,41.0,641.33,15.64219512195122,289.0,0.0,0.0,421.0,24891.1,59.123752969121135,1688.1,82.18052256532067,273.0,1956.0,55377.16999999989,1109865.87,0,0,1,1,2,2,0
2008-02-15,2008,2,4,1,Winter,0,0,islanding,,270.0,10.0,10008.0,Medium,Medium,0,13.0,8.5,0.6538461538461539,2.4,0.0,0.0,37.0,585.3,15.818918918918918,106.9,64.94594594594595,40.0,92.0,529.3999999998836,584.7499999999991,0,0,1,0,1,1,0
2004-10-18,2004,10,0,4,Fall,1,0,severe weather,heavy wind,2790.0,140.0,407440.0,Extended,Severe,0,7.0,4.6,0.6571428571428571,4.0,0.0,0.0,5.0,103.7,20.74,31.0,68.8,114.0,618.0,10472.999999999884,69105.08000000002,1,1,1,0,0,0,0
2008-06-21,2008,6,5,2,Summer,1,1,severe weather,thunderstorm,224.0,3.0,477.0,Medium,Low,0,552.0,612702.1,1109.967572463768,162818.0,57.0,597621.0,45.0,2211.9,49.153333333333336,674.0,81.68888888888888,901.0,1667.0,734819.7099999998,882094.84,0,0,1,1,2,2,-1
2010-01-19,2010,1,1,1,Winter,0,0,severe weather,storm,1470.0,2650.0,50000.0,Extended,High,0,1.0,0.01,0.01,0.01,0.0,0.0,0.0,0.0,0.0,0.0,0.0,17.0,70.0,129.62999999985448,157.27,1,1,1,0,0,0,0
2006-10-02,2006,10,0,4,Fall,1,0,system operability disruption,,334.0,308.0,130000.0,Medium,Severe,0,16.0,21.799999999999997,1.3624999999999998,15.0,0.0,0.0,2.0,26.4,13.2,14.6,60.5,179.0,878.0,316.979999999884,193740.06,1,0,1,0,1,1,0
2015-06-30,2015,6,1,2,Summer,1,0,severe weather,,2050.0,,,Extended,Unknown,0,47.0,214.05,4.554255319148936,111.0,0.0,0.0,0.0,0.0,0.0,0.0,0.0,295.0,1206.0,1597.1599999998252,80015.48000000001,0,1,1,1,2,1,0
2014-02-06,2014,2,3,1,Winter,0,0,fuel supply emergency, Natural Gas,370.0,160.0,,Medium,Unknown,0,3.0,1.2,0.3999999999999999,1.0,0.0,0.0,0.0,0.0,0.0,0.0,0.0,61.0,445.0,43.51999999982538,4157.610000000001,0,0,1,0,1,1,0
2015-06-02,2015,6,1,2,Summer,1,0,islanding,,26.0,5.0,727.0,Short,Low,0,33.0,29.71,0.9003030303030304,4.5,0.0,0.0,6.0,172.1,28.683333333333337,48.3,76.5,207.0,691.0,588.0199999998254,1737.0900000000145,0,0,1,1,2,1,0
2015-06-01,2015,6,0,2,Summer,1,0,islanding,,797.0,5.0,484.0,Long,Low,0,41.0,177.28,4.3239024390243905,80.0,0.0,0.0,13.0,1327.5,102.1153846153846,463.3,85.3076923076923,211.0,679.0,590.3799999998253,1727.8600000000145,0,1,1,1,2,1,0
2015-04-07,2015,4,1,2,Spring,0,0,islanding,,12.0,0.0,0.0,Short,Low,0,8.0,4.15,0.51875,3.0,0.0,0.0,0.0,0.0,0.0,0.0,0.0,113.0,319.0,81.38999999982538,207.25000000001455,0,0,1,0,1,1,0
2013-04-23,2013,4,1,2,Spring,0,0,islanding,,195.0,80.0,1.0,Medium,Low,0,20.0,10.39,0.5195000000000001,2.0,0.0,0.0,16.0,890.5,55.65625,164.8,72.0,199.0,494.0,510.66999999982534,1579.19,0,0,1,1,1,1,0
2013-11-12,2013,11,1,4,Fall,1,0,islanding,,1.0,55.0,48400.0,Short,Medium,0,31.0,36.55,1.1790322580645165,14.8,0.0,0.0,9.0,257.5,28.61111111111111,60.4,73.88888888888889,174.0,556.0,404.06999999982537,1237.84,0,0,1,1,1,1,0
2013-03-03,2013,3,6,1,Spring,0,1,system operability disruption,transmission interruption,230.0,300.0,58850.0,Medium,High,0,10.0,2.68,0.268,2.0,0.0,0.0,1.0,25.9,25.9,25.9,85.0,77.0,252.0,326.3099999998254,940.95,1,0,1,0,1,0,0
2009-10-13,2009,10,1,4,Fall,1,0,severe weather,heavy wind,125.0,90.0,94000.0,Medium,High,0,4.0,3.11,0.7775,2.0,0.0,0.0,1.0,23.9,23.9,23.9,56.0,125.0,702.0,4171.629999999855,34111.84,1,0,1,0,0,0,0
2013-10-21,2013,10,0,4,Fall,1,0,islanding,,15.0,115.0,433.0,Short,Low,0,12.0,10.96,0.9133333333333334,3.96,0.0,0.0,5.0,190.7,38.14,129.4,72.0,139.0,593.0,206.41999999982536,3656.7,0,0,1,0,1,1,0
2001-03-20,2001,3,1,1,Spring,0,0,system operability disruption,,316.0,400.0,,Medium,Unknown,0,4.0,0.4,0.1,0.1,0.0,0.0,3.0,40.1,13.366666666666667,20.6,66.0,34.0,84.0,30.39999999994179,109.2,0,0,1,0,1,0,0
2006-05-03,2006,5,2,2,Spring,0,0,severe weather,wildfire,365.0,300.0,55655.0,Medium,High,1,2.0,26.1,13.05,26.0,0.0,0.0,26.0,747.0,28.73076923076923,81.5,76.76923076923077,64.0,140.0,80.2999999998836,100.49,1,0,1,0,1,0,0
2007-08-29,2007,8,2,3,Summer,1,0,public appeal,,1560.0,,,Extended,Unknown,0,70.0,1948.8,27.84,1440.0,1.0,1440.0,12.0,1081.6,90.13333333333334,286.7,83.33333333333333,359.0,1337.0,4255.489999999883,18278.72,0,1,1,1,2,1,-1
2005-01-07,2005,1,4,1,Winter,0,0,severe weather,winter storm,4740.0,120.0,442000.0,Extended,Severe,0,0.0,0.0,0.0,0.0,0.0,0.0,0.0,0.0,0.0,0.0,0.0,9.0,59.0,0.8999999998835847,21.42000000000727,1,1,0,0,0,0,0
2010-01-19,2010,1,1,1,Winter,0,0,severe weather,storm,294.0,300.0,30000.0,Medium,Medium,0,1.0,0.01,0.01,0.01,0.0,0.0,0.0,0.0,0.0,0.0,0.0,17.0,70.0,129.62999999985448,157.27,0,0,1,0,1,0,0
2013-11-21,2013,11,3,4,Fall,1,0,severe weather,wind storm,455.0,150.0,89500.0,Medium,High,0,19.0,33.9,1.7842105263157897,10.5,0.0,0.0,8.0,561.1,70.1375,174.5,85.0,93.0,523.0,164.5899999998254,939.95,1,0,1,0,0,0,0
2012-04-04,2012,4,2,2,Spring,0,0,intentional attack,vandalism,2878.0,,,Extended,Unknown,0,3.0,2.1,0.7000000000000001,1.0,0.0,0.0,4.0,127.6,31.9,85.7,76.25,42.0,244.0,196.6199999998545,519.9300000000002,0,1,1,0,1,0,0
2002-08-25,2002,8,6,3,Summer,1,1,system operability disruption,,336.0,120.0,,Medium,Unknown,0,22.0,480.9,21.85909090909091,200.0,0.0,0.0,6.0,198.0,33.0,44.8,75.83333333333333,166.0,902.0,1978.0999999999128,73517.8,0,0,1,1,2,1,0
2015-03-29,2015,3,6,1,Spring,0,1,intentional attack,vandalism,295.0,,,Medium,Unknown,0,14.0,27.020000000000003,1.93,16.0,0.0,0.0,35.0,1439.3,41.12285714285714,291.3,75.14285714285714,77.0,221.0,57.97999999982538,138.89000000001457,0,0,1,0,1,0,0
2013-07-22,2013,7,0,3,Summer,1,0,intentional attack,vandalism,480.0,,,Long,Unknown,0,59.0,23174.44,392.7871186440678,22992.0,1.0,22992.0,8.0,364.4,45.55,145.1,76.375,245.0,1262.0,25010.439999999828,65344.911,0,1,1,1,2,1,0
2016-04-02,2016,4,5,2,Spring,0,1,system operability disruption,uncontrolled loss,25.0,360.0,,Short,Unknown,0,0.0,0.0,0.0,0.0,0.0,0.0,7.0,110.3,15.757142857142856,32.3,65.0,,,,,0,0,0,0,1,0,0
2013-05-13,2013,5,0,2,Spring,0,0,fuel supply emergency,Hydro,,176.0,,Unknown,Unknown,0,51.0,308.6,6.0509803921568635,100.0,0.0,0.0,5.0,139.20000000000002,27.840000000000003,51.8,76.0,232.0,1091.0,769.259999999829,44093.25000000001,0,0,1,1,1,1,0
2016-02-13,2016,2,5,1,Winter,0,1,islanding,,223.0,7.0,4300.0,Medium,Low,0,0.0,0.0,0.0,0.0,0.0,0.0,2.0,126.5,63.25,95.5,78.5,,,,,0,0,0,0,1,0,0
2006-02-27,2006,2,0,1,Winter,0,0,severe weather,winter storm,2645.0,,160000.0,Extended,Severe,0,6.0,1.5,0.25,1.0,0.0,0.0,0.0,0.0,0.0,0.0,0.0,78.0,235.0,2873.699999999884,13670.81,1,1,1,0,0,0,0
2011-12-01,2011,12,3,4,Winter,0,0,severe weather,,2016.0,300.0,100000.0,Extended,Severe,0,100.0,1548.76,15.4876,698.0,0.0,0.0,22.0,650.5,29.568181818181817,101.3,68.36363636363636,161.0,394.0,1757.0699999998544,2416.02,1,1,1,1,0,0,0
2006-07-22,2006,7,5,3,Summer,1,1,severe weather,heatwave,7371.0,200.0,1271893.0,Extended,Severe,0,114.0,29134.37,255.564649122807,14507.0,4.0,26575.0,9.0,149.1,16.566666666666666,66.8,75.44444444444444,490.0,2110.0,75787.2299999999,253717.79,1,1,1,1,2,0,-1
2015-07-03,2015,7,4,3,Summer,1,0,intentional attack,suspicious activity,360.0,0.0,0.0,Medium,Low,0,76.0,159.97,2.1048684210526316,73.0,0.0,0.0,4.0,266.0,66.5,159.0,74.75,410.0,1342.0,1721.6099999998253,80842.00000000001,0,0,1,1,2,1,0
2011-02-17,2011,2,3,1,Winter,0,0,severe weather,storm,3408.0,91.0,80000.0,Extended,High,0,1.0,0.11,0.11,0.11,0.0,0.0,17.0,2159.9,127.0529411764706,344.0,90.47058823529412,43.0,203.0,43.909999999852666,172.04,1,1,1,0,0,0,0
2013-04-16,2013,4,1,2,Spring,0,0,intentional attack,vandalism,3698.0,,0.0,Extended,Low,0,27.0,22.0,0.8148148148148148,7.4,0.0,0.0,1.0,14.2,14.2,14.2,76.0,124.0,376.0,173.49999999982538,1181.6,0,1,1,1,1,0,0
2011-02-25,2011,2,4,1,Winter,0,0,severe weather,winter storm,4890.0,91.0,80000.0,Extended,High,0,2.0,0.35,0.175,0.25,0.0,0.0,2.0,16.0,8.0,8.8,69.5,22.0,175.0,8.119999999852661,160.45,1,1,1,0,0,0,0
2015-12-10,2015,12,3,4,Winter,0,0,intentional attack,vandalism,1.0,,,Short,Unknown,0,1.0,0.1,0.1,0.1,0.0,0.0,0.0,0.0,0.0,0.0,0.0,34.0,218.0,32.31999999982531,551.5799999999999,0,0,1,0,1,0,0
2010-05-18,2010,5,1,2,Spring,0,0,equipment failure,breaker trip,871.0,318.0,,Long,Unknown,0,5.0,201.9,40.38,200.0,0.0,0.0,0.0,0.0,0.0,0.0,0.0,92.0,274.0,4454.799999999854,5087.33,0,1,1,0,1,0,0
2004-02-25,2004,2,2,1,Winter,0,0,severe weather,winter storm,2759.0,240.0,505000.0,Extended,Severe,0,3.0,0.3,0.1,0.1,0.0,0.0,2.0,20.9,10.45,12.5,67.5,6.0,76.0,0.699999999883599,199.95,1,1,1,0,0,0,0
2005-08-25,2005,8,3,3,Summer,1,0,system operability disruption,,250.0,,,Medium,Unknown,0,34.0,545.3,16.038235294117644,314.0,0.0,0.0,55.0,8885.1,161.54727272727274,1386.5,88.50909090909092,232.0,1266.0,4226.199999999883,20389.21,0,0,1,1,2,1,0
2007-07-03,2007,7,1,3,Summer,1,0,public appeal,,3301.0,,,Extended,Unknown,0,65.0,163.8,2.52,58.0,0.0,0.0,19.0,2609.6,137.34736842105264,361.6,87.73684210526316,411.0,1490.0,2593.0799999998844,20218.76,0,1,1,1,2,1,-1
2005-08-25,2005,8,3,3,Summer,1,0,system operability disruption,transmission interruption,249.0,864.0,409000.0,Medium,Severe,0,34.0,545.3,16.038235294117644,314.0,0.0,0.0,55.0,8885.1,161.54727272727274,1386.5,88.50909090909092,232.0,1266.0,4226.199999999883,20389.21,1,0,1,1,2,1,0
2013-06-28,2013,6,4,2,Summer,1,0,equipment failure,,164.0,240.0,65255.0,Medium,High,0,37.0,572.9,15.483783783783784,534.0,0.0,0.0,7.0,217.6,31.085714285714285,60.4,74.14285714285714,256.0,1250.0,1193.990999999829,42489.34100000001,1,0,1,1,2,1,0
2007-08-31,2007,8,4,3,Summer,1,0,severe weather,heatwave,435.0,,,Medium,Unknown,0,75.0,117.3,1.564,35.0,0.0,0.0,42.0,1755.6,41.8,252.6,79.83333333333333,463.0,1450.0,6050.7899999998845,20097.17,0,0,1,1,2,1,0
2015-06-30,2015,6,1,2,Summer,1,0,public appeal,,420.0,,,Medium,Unknown,0,47.0,214.05,4.554255319148936,111.0,0.0,0.0,0.0,0.0,0.0,0.0,0.0,295.0,1206.0,1597.1599999998252,80015.48000000001,0,0,1,1,2,1,-1
2007-04-12,2007,4,3,2,Spring,0,0,equipment failure,generator trip,854.0,130.0,,Long,Unknown,0,27.0,130.0,4.814814814814815,51.0,0.0,0.0,3.0,84.0,28.0,30.1,61.333333333333336,144.0,482.0,1331.9599999998836,7714.0,0,1,1,1,1,0,0
2002-11-06,2002,11,2,4,Fall,1,0,severe weather,winter storm,5160.0,270.0,939000.0,Extended,Severe,0,25.0,307.6,12.304,200.0,0.0,0.0,26.0,1339.0,51.5,277.9,74.0,162.0,512.0,713.8999999999128,1897.0,1,1,1,1,0,0,0
2011-03-11,2011,3,4,1,Spring,0,0,system operability disruption,,133.0,15.0,6800.0,Medium,Low,0,5.0,3.2,0.64,1.0,0.0,0.0,9.0,115.6,12.844444444444443,31.4,67.55555555555556,42.0,157.0,21.619999999852663,500.15,0,0,1,0,1,0,0
2008-01-04,2008,1,4,1,Winter,0,0,severe weather,winter storm,15180.0,500.0,2606931.0,Extended,Severe,0,0.0,0.0,0.0,0.0,0.0,0.0,0.0,0.0,0.0,0.0,0.0,46.0,199.0,65.2999999998836,130.3099999999991,1,1,0,0,0,0,-1
2001-01-17,2001,1,2,1,Winter,0,0,system operability disruption,,2055.0,500.0,,Extended,Unknown,0,1.0,0.1,0.1,0.1,0.0,0.0,8.0,411.6,51.45,172.8,70.625,15.0,205.0,6.299999999941792,11571.200000000004,0,1,1,0,1,0,0
2010-02-19,2010,2,4,1,Winter,0,0,system operability disruption,,451.0,1000.0,,Medium,Unknown,0,0.0,0.0,0.0,0.0,0.0,0.0,2.0,47.2,23.6,40.3,51.5,21.0,40.0,1.6499999998544952,5.660000000000001,1,0,0,0,1,0,0
2001-05-08,2001,5,1,2,Spring,0,0,public appeal,,140.0,400.0,,Medium,Unknown,0,24.0,79.5,3.3125,65.0,0.0,0.0,6.0,861.6999999999999,143.61666666666665,419.7,83.83333333333333,155.0,284.0,1144.199999999942,1407.3000000000002,0,0,1,1,1,1,-1
2010-10-31,2010,10,6,4,Fall,1,1,system operability disruption,,199.0,500.0,,Medium,Unknown,0,6.0,12.0,2.0,8.0,0.0,0.0,1.0,34.6,34.6,34.6,68.0,77.0,549.0,1614.7199999998525,2556.94,0,0,1,0,1,1,0
2003-12-22,2003,12,0,4,Winter,0,0,severe weather,earthquake,721.0,220.0,109750.0,Long,Severe,0,4.0,0.9,0.225,0.4,0.0,0.0,4.0,523.5,130.875,214.4,79.5,30.0,145.0,34.14999999988358,553.5,1,1,1,0,0,0,0
2008-07-10,2008,7,3,3,Summer,1,0,equipment failure,generator trip,179.0,240.0,,Medium,Unknown,0,33.0,872.4000000000001,26.436363636363637,800.0,0.0,0.0,457.0,81695.1,178.7638949671773,1994.8,83.73304157549234,330.0,2002.0,21214.91999999988,1036339.83,0,0,1,1,2,2,1
2010-12-14,2010,12,1,4,Winter,0,0,system operability disruption,,1524.0,464.0,,Extended,Unknown,0,0.0,0.0,0.0,0.0,0.0,0.0,4.0,60.099999999999994,15.025,20.0,68.75,15.0,94.0,7.859999999852662,178.01,0,1,0,0,1,0,0
2013-07-03,2013,7,2,3,Summer,1,0,intentional attack,,78.0,0.0,0.0,Medium,Low,0,88.0,671.17,7.626931818181817,502.0,0.0,0.0,16.0,1098.9,68.68125,162.9,85.1875,363.0,1357.0,2412.639999999829,12176.131000000005,0,0,1,1,2,1,0
2010-12-03,2010,12,4,4,Winter,0,0,islanding,,268.0,22.0,7077.0,Medium,Low,0,2.0,0.2,0.1,0.1,0.0,0.0,1.0,12.1,12.1,12.1,57.0,23.0,150.0,45.54999999985266,579.0400000000001,0,0,1,0,1,1,0
2010-03-31,2010,3,2,1,Spring,0,0,system operability disruption,,39.0,324.0,,Short,Unknown,0,6.0,8.2,1.3666666666666665,7.3,0.0,0.0,0.0,0.0,0.0,0.0,0.0,36.0,102.0,171.8599999998545,300.29,0,0,1,0,1,0,0
2015-02-04,2015,2,2,1,Winter,0,0,intentional attack,vandalism,1.0,,,Short,Unknown,0,4.0,1.4,0.35,1.1,0.0,0.0,11.0,586.3,53.3,163.9,71.9090909090909,32.0,99.0,41.94999999982536,142.04000000001457,0,0,1,0,1,0,0
2010-01-18,2010,1,0,1,Winter,0,0,severe weather,storm,14190.0,290.0,1700000.0,Extended,Severe,0,2.0,0.11,0.055,0.1,0.0,0.0,0.0,0.0,0.0,0.0,0.0,16.0,71.0,129.61999999985449,158.76,1,1,1,0,0,0,0
2002-02-27,2002,2,2,1,Winter,0,0,system operability disruption,,47.0,300.0,255000.0,Short,Severe,0,10.0,4.1000000000000005,0.41,1.0,0.0,0.0,6.0,140.8,23.46666666666667,41.0,66.33333333333333,50.0,170.0,292.3999999999409,8802.1,1,0,1,0,1,0,0
2004-10-28,2004,10,3,4,Fall,1,0,system operability disruption,transmission interruption,161.0,103.0,59458.0,Medium,High,0,5.0,0.8999999999999999,0.18,0.3,0.0,0.0,3.0,157.1,52.36666666666667,100.2,68.33333333333333,33.0,470.0,39.14999999988358,67537.21,1,0,1,0,1,1,0
2004-12-27,2004,12,0,4,Winter,0,0,severe weather,,900.0,100.0,95000.0,Long,High,0,0.0,0.0,0.0,0.0,0.0,0.0,0.0,0.0,0.0,0.0,0.0,20.0,75.0,15.349999999883584,30.970000000007275,1,1,0,0,0,0,0
2010-01-20,2010,1,2,1,Winter,0,0,severe weather,storm,6070.0,,147223.0,Extended,Severe,0,1.0,0.25,0.25,0.25,0.0,0.0,0.0,0.0,0.0,0.0,0.0,16.0,69.0,127.87999999985448,157.32000000000002,1,1,1,0,0,0,0
2012-04-17,2012,4,1,2,Spring,0,0,intentional attack,vandalism,697.0,0.0,0.0,Long,Low,0,0.0,0.0,0.0,0.0,0.0,0.0,0.0,0.0,0.0,0.0,0.0,33.0,214.0,20.49999999985448,445.1400000000002,0,1,0,0,1,0,0
2008-12-26,2008,12,4,4,Winter,0,0,system operability disruption,,234.0,110.0,50000.0,Medium,High,0,0.0,0.0,0.0,0.0,0.0,0.0,2.0,41.0,20.5,21.9,73.0,3.0,73.0,1.1999999998763085,62.07,1,0,0,0,1,0,0
2012-10-14,2012,10,6,4,Fall,1,1,islanding,,14.0,3.0,2035.0,Short,Low,0,14.0,13.95,0.9964285714285712,8.0,0.0,0.0,4.0,128.4,32.1,48.5,69.5,104.0,584.0,335.89999999982535,4467.360000000001,0,0,1,0,1,1,0
2003-12-28,2003,12,6,4,Winter,0,1,severe weather,winter storm,5910.0,160.0,241000.0,Extended,Severe,0,3.0,0.6,0.1999999999999999,0.3,0.0,0.0,2.0,19.0,9.5,15.0,63.5,12.0,102.0,2.299999999883585,176.4,1,1,1,0,0,0,0
2014-05-14,2014,5,2,2,Spring,0,0,severe weather,wildfire,,,426.0,Unknown,Low,1,36.0,6478.59,179.96083333333334,5367.0,1.0,5367.0,47.0,15351.3,326.62340425531914,1352.0,89.72340425531915,168.0,544.0,8789.989999999825,11931.42,0,0,1,1,1,0,0
2003-10-26,2003,10,6,4,Fall,1,1,severe weather,wildfire,34390.0,,108000.0,Extended,Severe,1,32.0,115296.8,3603.025,56427.0,3.0,114679.0,1105.0,480173.0,434.5457013574661,11800.8,92.21719457013576,196.0,660.0,749509.1699999998,760941.4199999999,1,1,1,1,2,2,-1
2009-10-09,2009,10,4,4,Fall,1,0,system operability disruption,transmission interruption,40.0,180.0,,Short,Unknown,0,13.0,48.22,3.709230769230769,35.0,0.0,0.0,33.0,1333.0,40.39393939393939,245.9,79.06060606060606,176.0,801.0,11419.489999999854,34750.340000000004,0,0,1,0,1,1,0
2015-07-18,2015,7,5,3,Summer,1,1,severe weather,,166.0,160.0,78164.0,Medium,High,0,90.0,1830.47,20.338555555555555,1600.0,1.0,1600.0,4.0,751.0,187.75,326.8,99.0,303.0,1587.0,7066.869999999826,33612.070000000014,1,0,1,1,2,1,0
2007-05-21,2007,5,0,2,Spring,0,0,equipment failure,generator trip,182.0,140.0,,Medium,Unknown,0,54.0,1008.51,18.676111111111112,853.0,0.0,0.0,12.0,367.7,30.641666666666666,94.9,70.25,274.0,891.0,3555.5099999998847,13004.23,0,0,1,1,1,0,0
2008-02-01,2008,2,4,1,Winter,0,0,equipment failure,,829.0,,,Long,Unknown,0,3.0,0.55,0.1833333333333333,0.25,0.0,0.0,2.0,10.8,5.4,6.2,59.5,12.0,66.0,25.84999999988359,65.24999999999909,0,1,1,0,1,0,0
2015-12-10,2015,12,3,4,Winter,0,0,severe weather,,15.0,24.0,9956.0,Short,Low,0,1.0,0.1,0.1,0.1,0.0,0.0,0.0,0.0,0.0,0.0,0.0,34.0,218.0,32.31999999982531,551.5799999999999,0,0,1,0,1,0,0
2004-08-04,2004,8,2,3,Summer,1,0,equipment failure,substation,64.0,480.0,182000.0,Medium,Severe,0,31.0,59.400000000000006,1.9161290322580649,25.0,0.0,0.0,1.0,66.8,66.8,66.8,80.0,248.0,1244.0,544.34999999988,74981.74,1,0,1,1,2,1,0
2005-11-03,2005,11,3,4,Fall,1,0,severe weather,wildfire,13.0,136.0,,Short,Unknown,1,18.0,21.4,1.1888888888888889,7.7,0.0,0.0,20.0,1124.3,56.215,433.8,77.85,109.0,572.0,564.5499999998835,14987.35,0,0,1,0,1,0,0
2012-06-02,2012,6,5,2,Summer,1,1,intentional attack,vandalism,245.0,,,Medium,Unknown,0,29.0,101.99,3.516896551724138,42.0,0.0,0.0,22.0,8817.3,400.7863636363636,3989.9,84.81818181818181,208.0,797.0,3110.3899999998544,14209.43,0,0,1,1,2,1,0
2009-12-07,2009,12,0,4,Winter,0,0,equipment failure,,1080.0,400.0,,Long,Unknown,0,2.0,2.0,1.0,1.0,0.0,0.0,7.0,363.6,51.94285714285714,112.0,79.57142857142857,45.0,225.0,29.009999999854493,490.89,0,1,1,0,1,0,0
2001-03-19,2001,3,0,1,Spring,0,0,system operability disruption,,,,430984.0,Unknown,Severe,0,4.0,1.4,0.35,0.5,0.0,0.0,6.0,112.9,18.816666666666663,58.8,66.5,36.0,81.0,32.89999999994179,108.9,1,0,1,0,1,0,0
2009-10-13,2009,10,1,4,Fall,1,0,severe weather,wind/rain,390.0,350.0,859554.0,Medium,Severe,0,4.0,3.11,0.7775,2.0,0.0,0.0,1.0,23.9,23.9,23.9,56.0,125.0,702.0,4171.629999999855,34111.84,1,0,1,0,0,0,0
2010-07-29,2010,7,3,3,Summer,1,0,severe weather,wildfire,47.0,522.0,,Short,Unknown,1,36.0,15065.76,418.49333333333334,13918.0,1.0,13918.0,23.0,5273.7,229.29130434782607,649.5,89.3913043478261,443.0,1396.0,50139.40999999985,72081.55,0,0,1,1,2,1,0
2008-07-01,2008,7,1,3,Summer,1,0,equipment failure,generator trip,269.0,160.0,,Medium,Unknown,0,38.0,9956.15,262.00394736842105,9443.0,1.0,9443.0,175.0,33507.0,191.46857142857144,1934.5,85.38857142857142,282.0,1942.0,55018.50999999989,1109250.2399999998,0,0,1,1,2,2,1
2015-02-06,2015,2,4,1,Winter,0,0,severe weather,wind,,,65000.0,Unknown,High,0,27.0,7090.47,262.61,6533.0,1.0,6533.0,13.0,483.9,37.22307692307693,129.7,75.92307692307692,51.0,125.0,7141.829999999825,7244.550000000015,1,0,1,1,0,0,0
2009-06-05,2009,6,4,2,Summer,1,0,islanding,,400.0,1.0,70.0,Medium,Low,0,20.0,24.85,1.2425000000000002,8.0,0.0,0.0,2.0,261.4,130.7,135.6,79.0,376.0,1015.0,3769.089999999877,8244.940000000002,0,0,1,1,2,1,0
2010-08-02,2010,8,0,3,Summer,1,0,fuel supply emergency,Hydro,660.0,,,Long,Unknown,0,26.0,368.63,14.178076923076922,257.0,0.0,0.0,24.0,1122.4,46.76666666666667,301.4,73.125,243.0,1341.0,19407.349999999857,73950.89,0,1,1,1,2,1,0
2011-03-27,2011,3,6,1,Spring,0,1,system operability disruption,transmission interruption,213.0,295.0,165000.0,Medium,Severe,0,2.0,0.03,0.015,0.02,0.0,0.0,0.0,0.0,0.0,0.0,0.0,11.0,125.0,25.08999999985266,1314.47,1,0,1,0,1,0,0
2009-04-23,2009,4,3,2,Spring,0,0,fuel supply emergency,,,,,Unknown,Unknown,0,19.0,15.01,0.79,3.0,0.0,0.0,1.0,10.5,10.5,10.5,63.0,143.0,395.0,3627.029999999877,4190.57,0,0,1,0,1,1,0
2008-11-07,2008,11,4,4,Fall,1,0,system operability disruption,,761.0,250.0,140000.0,Long,Severe,0,5.0,4.8,0.96,2.0,0.0,0.0,36.0,708.3,19.674999999999997,97.8,72.86111111111111,32.0,536.0,24.209999999879944,29288.17,1,1,1,0,1,1,0
2005-12-31,2005,12,5,4,Winter,0,1,severe weather,storm,8100.0,800.0,1667316.0,Extended,Severe,0,5.0,1.05,0.21,0.5,0.0,0.0,0.0,0.0,0.0,0.0,0.0,19.0,128.0,2.449999999883585,144.61,1,1,1,0,0,0,0
2006-07-24,2006,7,0,3,Summer,1,0,severe weather,heatwave,180.0,414.0,,Medium,Unknown,0,161.0,124358.95,772.4158385093167,66113.0,6.0,123019.0,94.0,11231.2,119.4808510638298,1104.9,87.12765957446808,664.0,2312.0,218728.30999999988,403733.82000000007,0,0,1,1,2,1,0
2009-04-23,2009,4,3,2,Spring,0,0,system operability disruption,HVSubstation interruption,124.0,512.0,280000.0,Medium,Severe,0,19.0,15.01,0.79,3.0,0.0,0.0,1.0,10.5,10.5,10.5,63.0,143.0,395.0,3627.029999999877,4190.57,1,0,1,0,1,0,0
2012-07-07,2012,7,5,3,Summer,1,1,fuel supply emergency,Hydro,4320.0,,0.0,Extended,Low,0,45.0,31225.72,693.9048888888889,29502.0,2.0,30637.0,10.0,1533.8,153.38,367.7,77.2,347.0,1207.0,33244.86999999986,47345.32,0,1,1,1,2,1,0
2002-12-19,2002,12,3,4,Winter,0,0,severe weather,winter storm,2820.0,56.0,385000.0,Extended,Severe,0,0.0,0.0,0.0,0.0,0.0,0.0,3.0,50.4,16.8,25.3,64.66666666666667,14.0,191.0,1.9999999999126887,8452.2,1,1,0,0,0,0,0
2012-12-02,2012,12,6,4,Winter,0,1,intentional attack,,3100.0,250.0,125000.0,Extended,Severe,0,2.0,0.2,0.1,0.1,0.0,0.0,0.0,0.0,0.0,0.0,0.0,14.0,205.0,7.699999999825377,768.4499999999999,1,1,1,0,0,0,0
2016-03-03,2016,3,3,1,Spring,0,0,fuel supply emergency,,49427.0,0.0,0.0,Extended,Low,0,0.0,0.0,0.0,0.0,0.0,0.0,3.0,37.3,12.433333333333332,13.7,64.66666666666667,,,,,0,1,0,0,0,2,-1
2015-10-18,2015,10,6,4,Fall,1,1,severe weather,,989.0,88.0,55677.0,Long,High,0,16.0,4.59,0.286875,2.0,0.0,0.0,8.0,415.7000000000001,51.962500000000006,88.4,63.125,139.0,584.0,1186.2199999998254,3868.78,1,1,1,0,0,0,0
2003-07-02,2003,7,2,3,Summer,1,0,equipment failure,generator trip,125.0,200.0,1.0,Medium,Low,0,50.0,2283.3,45.666,1113.0,1.0,1113.0,16.0,671.4,41.9625,155.3,77.625,344.0,1133.0,9150.909999999913,18354.42,0,0,1,1,2,1,0
2015-07-27,2015,7,0,3,Summer,1,0,islanding,,44.0,,484.0,Short,Low,0,34.0,382.2,11.241176470588234,325.0,0.0,0.0,25.0,1220.4,48.816,153.6,84.92,334.0,1650.0,17989.859999999822,35870.27000000001,0,0,1,1,2,1,0
2012-08-04,2012,8,5,3,Summer,1,1,islanding,,26.0,5.0,127.0,Short,Low,0,60.0,3372.74,56.212333333333326,1452.0,2.0,2452.0,43.0,6165.7,143.38837209302326,939.2,86.18604651162791,244.0,1162.0,81529.56999999986,161977.15,0,0,1,1,2,1,0
2005-07-22,2005,7,4,3,Summer,1,0,system operability disruption,,245.0,206.0,133900.0,Medium,Severe,0,62.0,13240.66,213.55903225806452,8675.0,2.0,12175.0,11.0,745.3,67.75454545454545,185.5,77.81818181818181,322.0,1366.0,32626.97999999988,52241.259999999995,1,0,1,1,2,1,0
2000-06-14,2000,6,2,2,Summer,1,0,system operability disruption,,,130.0,32000.0,Unknown,Medium,0,32.0,284.1,8.878125,254.0,0.0,0.0,0.0,0.0,0.0,0.0,0.0,187.0,810.0,7996.399999999941,12734.7,0,0,1,1,2,1,0
2015-03-26,2015,3,3,1,Spring,0,0,islanding,,98.0,15.0,,Medium,Unknown,0,12.0,5.74,0.4783333333333333,4.0,0.0,0.0,3.0,256.59999999999997,85.53333333333332,179.2,73.66666666666667,59.0,192.0,19.799999999825378,96.59000000001456,0,0,1,0,1,1,0
2014-05-08,2014,5,3,2,Spring,0,0,intentional attack,,1.0,,,Short,Unknown,0,16.0,21.9,1.36875,15.75,0.0,0.0,1.0,5.4,5.4,5.4,63.0,121.0,463.0,139.12999999982537,3299.5099999999993,0,0,1,0,1,0,0
2011-06-09,2011,6,3,2,Summer,1,0,intentional attack,vandalism,0.0,0.0,0.0,Short,Low,0,37.0,416.59,11.25918918918919,299.0,0.0,0.0,19.0,1085.6,57.13684210526315,171.1,83.0,165.0,738.0,2658.429999999853,8686.5,0,0,1,1,2,1,0
2010-11-06,2010,11,5,4,Fall,1,1,islanding,,135.0,20.0,4.0,Medium,Low,0,17.0,177.41,10.435882352941176,125.0,0.0,0.0,42.0,1239.6,29.514285714285712,157.9,76.0,68.0,424.0,542.6199999998527,2902.5699999999997,0,0,1,0,1,1,0
2010-06-06,2010,6,6,2,Summer,1,1,islanding,,50.0,3.0,2650.0,Short,Low,0,44.0,830.22,18.86863636363637,462.0,0.0,0.0,8.0,279.5,34.9375,110.8,84.5,161.0,467.0,2730.449999999854,8911.95,0,0,1,1,2,1,0
2010-09-22,2010,9,2,3,Fall,1,0,system operability disruption,,1008.0,526.0,,Long,Unknown,0,19.0,63.86,3.3610526315789473,47.0,0.0,0.0,5.0,146.4,29.28,65.0,71.6,161.0,895.0,557.3999999998528,17177.21,0,1,1,0,1,1,0
2011-06-05,2011,6,6,2,Summer,1,1,islanding,,53.0,10.0,5314.0,Short,Low,0,22.0,248.22,11.282727272727271,220.0,0.0,0.0,0.0,0.0,0.0,0.0,0.0,194.0,739.0,975.4299999998528,6776.91,0,0,1,1,2,1,0
2001-03-19,2001,3,0,1,Spring,0,0,public appeal,,554.0,700.0,,Long,Unknown,0,4.0,1.4,0.35,0.5,0.0,0.0,6.0,112.9,18.816666666666663,58.8,66.5,36.0,81.0,32.89999999994179,108.9,0,1,1,0,1,1,-1
2011-02-03,2011,2,3,1,Winter,0,0,fuel supply emergency, Natural Gas,1260.0,,,Long,Unknown,0,2.0,0.11,0.055,0.1,0.0,0.0,1.0,6.8,6.8,6.8,59.0,32.0,135.0,54.49999999985266,113.33,0,1,1,0,1,1,0
2010-10-05,2010,10,1,4,Fall,1,0,severe weather,wind/rain,2895.0,,73514.0,Extended,High,0,26.0,30.33,1.1665384615384615,9.6,0.0,0.0,0.0,0.0,0.0,0.0,0.0,247.0,788.0,543.3099999998526,12002.09,1,1,1,1,0,0,0
2009-08-31,2009,8,0,3,Summer,1,0,public appeal,,89.0,,,Medium,Unknown,0,23.0,900.12,39.13565217391304,860.0,0.0,0.0,413.0,121061.8,293.1278450363196,7114.3,92.14043583535108,215.0,1173.0,192014.60999999987,335685.22,0,0,1,1,2,1,-1
2015-06-20,2015,6,5,2,Summer,1,1,intentional attack,vandalism,98.0,,0.0,Medium,Low,0,36.0,3624.64,100.68444444444444,1800.0,2.0,3600.0,78.0,4582.8,58.753846153846155,214.8,91.12820512820512,245.0,1045.0,74995.06999999982,78746.39000000001,0,0,1,1,2,1,0
2008-09-08,2008,9,0,3,Fall,1,0,fuel supply emergency,,865.0,300.0,,Long,Unknown,0,19.0,127.71,6.721578947368421,108.0,0.0,0.0,27.0,3375.4,125.0148148148148,573.3,84.88888888888889,189.0,918.0,4437.949999999883,71192.74,0,1,1,0,1,1,0
2011-06-04,2011,6,5,2,Summer,1,1,intentional attack,vandalism,128.0,,420.0,Medium,Low,0,20.0,42.51,2.1254999999999997,20.7,0.0,0.0,3.0,70.7,23.566666666666663,28.2,75.33333333333333,200.0,756.0,1300.0399999998526,6726.2699999999995,0,0,1,1,2,1,0
2007-05-10,2007,5,3,2,Spring,0,0,equipment failure,generator trip,230.0,150.0,,Medium,Unknown,0,48.0,5057.9,105.37291666666664,4750.0,1.0,4750.0,17.0,1990.3,117.0764705882353,686.0,80.88235294117646,249.0,681.0,7690.999999999884,10898.61,0,0,1,1,1,0,0
2008-07-02,2008,7,2,3,Summer,1,0,severe weather,wildfire,252.0,208.0,200000.0,Medium,Severe,1,41.0,641.33,15.64219512195122,289.0,0.0,0.0,421.0,24891.1,59.123752969121135,1688.1,82.18052256532067,273.0,1956.0,55377.16999999989,1109865.87,1,0,1,1,2,2,1
2011-03-21,2011,3,0,1,Spring,0,0,severe weather,storm,130.0,150.0,54332.0,Medium,High,0,0.0,0.0,0.0,0.0,0.0,0.0,0.0,0.0,0.0,0.0,0.0,26.0,135.0,856.6899999998526,1296.4999999999998,1,0,0,0,0,0,0
2010-12-14,2010,12,1,4,Winter,0,0,islanding,,5.0,9.0,6635.0,Short,Low,0,0.0,0.0,0.0,0.0,0.0,0.0,4.0,60.099999999999994,15.025,20.0,68.75,15.0,94.0,7.859999999852662,178.01,0,0,0,0,1,0,0
2015-07-18,2015,7,5,3,Summer,1,1,islanding,,157.0,30.0,70.0,Medium,Low,0,90.0,1830.47,20.338555555555555,1600.0,1.0,1600.0,4.0,751.0,187.75,326.8,99.0,303.0,1587.0,7066.869999999826,33612.070000000014,0,0,1,1,2,1,0
2011-03-19,2011,3,5,1,Spring,0,1,severe weather,storm,6914.0,91.0,128000.0,Extended,Severe,0,6.0,2.4,0.3999999999999999,1.0,0.0,0.0,0.0,0.0,0.0,0.0,0.0,29.0,135.0,859.0999999998526,1297.89,1,1,1,0,0,0,0
2010-10-27,2010,10,2,4,Fall,1,0,islanding,,11.0,16.0,2674.0,Short,Low,0,8.0,5.07,0.63375,2.0,0.0,0.0,1.0,105.5,105.5,105.5,82.0,60.0,623.0,303.68999999985266,1596.77,0,0,1,0,1,1,0
2012-12-06,2012,12,3,4,Winter,0,0,system operability disruption,,13.0,390.0,,Short,Unknown,0,3.0,0.29,0.0966666666666666,0.1,0.0,0.0,6.0,63.8,10.633333333333333,22.2,62.666666666666664,13.0,149.0,3.089999999825377,240.17,0,0,1,0,1,0,0
2012-06-19,2012,6,1,2,Summer,1,0,fuel supply emergency,Hydro,2880.0,,,Extended,Unknown,0,45.0,749.06,16.645777777777777,385.0,0.0,0.0,38.0,9045.7,238.0447368421053,922.6,88.28947368421052,292.0,1026.0,7687.599999999854,20839.29,0,1,1,1,2,1,0
2004-05-03,2004,5,0,2,Spring,0,0,severe weather,heatwave,270.0,662.0,940.0,Medium,Low,0,43.0,18435.0,428.72093023255815,16460.0,2.0,17587.0,31.0,3073.0,99.12903225806453,677.5,83.80645161290323,280.0,617.0,31383.09999999988,34660.44,0,0,1,1,1,0,0
2007-10-26,2007,10,4,4,Fall,1,0,severe weather,wildfire,962.0,280.0,20345.0,Long,Medium,1,18.0,15.2,0.8444444444444444,5.8,0.0,0.0,161.0,42566.7,264.3894409937888,3462.7,88.90062111801242,219.0,738.0,505294.5499999998,506585.5099999999,0,1,1,0,2,2,0
2010-07-29,2010,7,3,3,Summer,1,0,severe weather,wildfire,47.0,522.0,,Short,Unknown,1,36.0,15065.76,418.49333333333334,13918.0,1.0,13918.0,23.0,5273.7,229.29130434782607,649.5,89.3913043478261,443.0,1396.0,50139.40999999985,72081.55,0,0,1,1,2,1,0
2016-02-26,2016,2,4,1,Winter,0,0,fuel supply emergency,,,0.0,0.0,Unknown,Low,0,0.0,0.0,0.0,0.0,0.0,0.0,0.0,0.0,0.0,0.0,0.0,,,,,0,0,0,0,1,1,0
2012-10-05,2012,10,4,4,Fall,1,0,intentional attack,,20.0,,,Short,Unknown,0,18.0,13.12,0.7288888888888888,8.6,0.0,0.0,13.0,436.3,33.56153846153846,83.2,79.07692307692308,145.0,677.0,846.9799999998254,9654.55,0,0,1,0,1,0,0
2001-05-08,2001,5,1,2,Spring,0,0,system operability disruption,,108.0,225.0,70848.0,Medium,High,0,24.0,79.5,3.3125,65.0,0.0,0.0,6.0,861.6999999999999,143.61666666666665,419.7,83.83333333333333,155.0,284.0,1144.199999999942,1407.3000000000002,1,0,1,1,1,0,0
2011-12-01,2011,12,3,4,Winter,0,0,severe weather,,9855.0,,91690.0,Extended,High,0,100.0,1548.76,15.4876,698.0,0.0,0.0,22.0,650.5,29.568181818181817,101.3,68.36363636363636,161.0,394.0,1757.0699999998544,2416.02,1,1,1,1,0,0,0
2001-05-07,2001,5,0,2,Spring,0,0,public appeal,,75.0,300.0,,Medium,Unknown,0,16.0,10.1,0.63125,3.0,0.0,0.0,1.0,7.4,7.4,7.4,61.0,147.0,263.0,1171.5999999999417,1335.0,0,0,1,0,1,1,-1
2007-10-22,2007,10,0,4,Fall,1,0,severe weather,wildfire,17.0,700.0,300000.0,Short,Severe,1,52.0,27762.2,533.8884615384616,12759.0,4.0,26302.0,881.0,167371.2,189.97866061293985,2280.6,90.738933030647,175.0,747.0,434660.2999999999,436117.08,1,0,1,1,2,2,0
2007-10-22,2007,10,0,4,Fall,1,0,severe weather,wildfire,21.0,451.0,90323.0,Short,High,1,52.0,27762.2,533.8884615384616,12759.0,4.0,26302.0,881.0,167371.2,189.97866061293985,2280.6,90.738933030647,175.0,747.0,434660.2999999999,436117.08,1,0,1,1,2,2,0
2004-01-01,2004,1,3,1,Winter,0,0,severe weather,winter storm,1950.0,170.0,263000.0,Extended,Severe,0,1.0,0.1,0.1,0.1,0.0,0.0,0.0,0.0,0.0,0.0,0.0,11.0,85.0,1.499999999883585,149.35000000000002,1,1,1,0,0,0,0
2008-12-13,2008,12,5,4,Winter,0,1,public appeal,,11867.0,5.0,,Extended,Unknown,0,7.0,9.02,1.2885714285714285,5.7,0.0,0.0,37.0,1153.1,31.164864864864867,194.8,68.56756756756756,33.0,179.0,45.96999999987631,41847.84,0,1,1,0,1,1,-1
2001-03-20,2001,3,1,1,Spring,0,0,system operability disruption,,141.0,,25000.0,Medium,Medium,0,4.0,0.4,0.1,0.1,0.0,0.0,3.0,40.1,13.366666666666667,20.6,66.0,34.0,84.0,30.39999999994179,109.2,0,0,1,0,1,0,0
2007-10-26,2007,10,4,4,Fall,1,0,system operability disruption,,959.0,240.0,104000.0,Long,Severe,0,18.0,15.2,0.8444444444444444,5.8,0.0,0.0,161.0,42566.7,264.3894409937888,3462.7,88.90062111801242,219.0,738.0,505294.5499999998,506585.5099999999,1,1,1,0,2,2,0
2008-12-19,2008,12,4,4,Winter,0,0,islanding,,1035.0,1.0,638.0,Long,Low,0,1.0,1.0,1.0,1.0,0.0,0.0,11.0,519.0,47.18181818181818,119.6,69.36363636363636,12.0,116.0,10.419999999876309,148.08,0,1,1,0,1,1,0
2014-05-16,2014,5,4,2,Spring,0,0,severe weather,wildfire,617.0,3900.0,1400000.0,Long,Severe,1,31.0,1482.54,47.82387096774193,1457.0,1.0,1457.0,61.0,10923.2,179.0688524590164,1508.7,89.49180327868852,209.0,583.0,24680.689999999824,27849.33,1,1,1,1,0,0,0
2007-04-12,2007,4,3,2,Spring,0,0,severe weather,heavy wind,1230.0,200.0,158977.0,Long,Severe,0,27.0,130.0,4.814814814814815,51.0,0.0,0.0,3.0,84.0,28.0,30.1,61.333333333333336,144.0,482.0,1331.9599999998836,7714.0,1,1,1,1,0,0,0
2004-02-17,2004,2,1,1,Winter,0,0,severe weather,thunderstorm,572.0,220.0,,Long,Unknown,0,2.0,3.0,1.5,2.0,0.0,0.0,2.0,67.6,33.8,45.5,85.0,31.0,86.0,173.0499999998836,203.45,0,1,1,0,0,0,0
2014-02-06,2014,2,3,1,Winter,0,0,fuel supply emergency, Natural Gas,324.0,611.0,,Medium,Unknown,0,3.0,1.2,0.3999999999999999,1.0,0.0,0.0,0.0,0.0,0.0,0.0,0.0,61.0,445.0,43.51999999982538,4157.610000000001,0,0,1,0,1,1,0
2001-01-20,2001,1,5,1,Winter,0,1,system operability disruption,,1835.0,300.0,,Extended,Unknown,0,2.0,0.2,0.1,0.1,0.0,0.0,5.0,156.2,31.24,48.0,62.6,21.0,184.0,4.899999999941793,11522.300000000005,0,1,1,0,1,0,0
2002-12-14,2002,12,5,4,Winter,0,1,severe weather,winter storm,6780.0,180.0,1500000.0,Extended,Severe,0,2.0,0.2,0.1,0.1,0.0,0.0,0.0,0.0,0.0,0.0,0.0,17.0,225.0,3.399999999912689,8548.1,1,1,1,0,0,0,0
2009-06-16,2009,6,1,2,Summer,1,0,fuel supply emergency,,900.0,300.0,,Long,Unknown,0,18.0,16.05,0.8916666666666667,4.0,0.0,0.0,20.0,1817.4,90.87,219.2,85.5,155.0,1057.0,366.21999999987634,9362.190000000002,0,1,1,0,2,1,0
2014-05-15,2014,5,3,2,Spring,0,0,severe weather,wildfire,,3300.0,1400000.0,Unknown,Severe,1,38.0,14453.929999999998,380.3665789473684,14416.0,1.0,14416.0,27.0,6853.3,253.82592592592593,840.1,89.14814814814815,190.0,565.0,23222.019999999826,26374.99,1,0,1,1,0,0,0
2007-10-22,2007,10,0,4,Fall,1,0,severe weather,wildfire,37.0,199.0,68780.0,Short,High,1,52.0,27762.2,533.8884615384616,12759.0,4.0,26302.0,881.0,167371.2,189.97866061293985,2280.6,90.738933030647,175.0,747.0,434660.2999999999,436117.08,1,0,1,1,2,2,0
2015-12-10,2015,12,3,4,Winter,0,0,severe weather,,72.0,29.0,9956.0,Medium,Low,0,1.0,0.1,0.1,0.1,0.0,0.0,0.0,0.0,0.0,0.0,0.0,34.0,218.0,32.31999999982531,551.5799999999999,0,0,1,0,1,0,0
2015-05-11,2015,5,0,2,Spring,0,0,intentional attack,sabotage,1.0,0.0,0.0,Short,Low,0,36.0,342.26,9.507222222222222,300.0,0.0,0.0,5.0,72.3,14.46,27.2,62.6,151.0,666.0,527.0099999998254,10049.420000000016,0,0,1,1,1,0,0
2010-11-23,2010,11,1,4,Fall,1,0,islanding,,251.0,22.0,7077.0,Medium,Low,0,0.0,0.0,0.0,0.0,0.0,0.0,1.0,11.5,11.5,11.5,52.0,19.0,219.0,25.889999999852662,2321.68,0,0,0,0,1,0,0
2013-07-18,2013,7,3,3,Summer,1,0,equipment failure,,620.0,200.0,123000.0,Long,Severe,0,32.0,69.03,2.1571875,32.0,0.0,0.0,60.0,6585.4,109.75666666666666,731.1,89.95,224.0,1284.0,28792.17999999983,41197.49100000001,1,1,1,1,2,1,0
2009-03-08,2009,3,6,1,Spring,0,1,system operability disruption,,89.0,150.0,,Medium,Unknown,0,4.0,0.46,0.115,0.25,0.0,0.0,1.0,6.3,6.3,6.3,52.0,11.0,45.0,81.7599999998763,137.77000000000012,0,0,1,0,1,0,0
2009-07-21,2009,7,1,3,Summer,1,0,equipment failure,generator trip,909.0,136.0,1.0,Long,Low,0,41.0,1471.39,35.88756097560975,1417.0,1.0,1417.0,19.0,718.9,37.83684210526316,138.8,82.42105263157895,331.0,1415.0,12250.429999999877,31566.86,0,1,1,1,2,1,0
2015-04-06,2015,4,0,2,Spring,0,0,system operability disruption,,236.0,,80000.0,Medium,High,0,11.0,1.25,0.1136363636363636,0.21,0.0,0.0,3.0,55.8,18.6,24.6,55.666666666666664,122.0,320.0,87.57999999982538,206.50000000001455,1,0,1,0,1,0,0
2009-12-08,2009,12,1,4,Winter,0,0,system operability disruption,,326.0,,,Medium,Unknown,0,4.0,1.5,0.375,1.0,0.0,0.0,12.0,293.6,24.46666666666667,52.1,64.5,46.0,220.0,28.4099999998545,403.14,0,0,1,0,1,0,0
2007-09-03,2007,9,0,3,Fall,1,0,severe weather,heatwave,300.0,,,Medium,Unknown,0,56.0,112920.87,2016.444107142857,64994.45,2.0,112754.45,19.0,5549.3,292.0684210526316,862.9,81.94736842105263,518.0,1476.0,120289.02999999988,134857.44999999998,0,0,1,1,2,1,0
2008-11-15,2008,11,5,4,Fall,1,1,severe weather,wildfire,751.0,211.0,115500.0,Long,Severe,1,14.0,30321.21,2165.800714285714,30305.0,1.0,30305.0,71.0,27482.5,387.0774647887324,3282.2,89.78873239436619,67.0,404.0,43636.60999999988,47117.77,1,1,1,0,0,0,0
2010-06-25,2010,6,4,2,Summer,1,0,islanding,,122.0,,,Medium,Unknown,0,20.0,13.14,0.657,2.4,0.0,0.0,4.0,182.1,45.525,67.1,75.75,244.0,869.0,1068.9499999998538,8839.42,0,0,1,1,2,1,0
2008-02-09,2008,2,5,1,Winter,0,1,islanding,,214.0,0.0,0.0,Medium,Low,0,6.0,3.2,0.5333333333333333,1.0,0.0,0.0,5.0,46.9,9.38,15.6,60.8,18.0,79.0,8.899999999883589,71.24999999999909,0,0,1,0,1,1,0
2012-02-28,2012,2,1,1,Winter,0,0,islanding,,193.0,1.0,1.0,Medium,Low,0,7.0,10.95,1.5642857142857145,5.0,0.0,0.0,14.0,280.4,20.02857142857143,105.6,65.85714285714286,107.0,296.0,281.33999999985446,436.1000000000002,0,0,1,0,1,1,0
2005-04-22,2005,4,4,2,Spring,0,0,severe weather,thunderstorm,8.0,126.0,,Short,Unknown,0,10.0,10.26,1.026,5.0,0.0,0.0,34.0,1766.4,51.95294117647059,287.0,78.38235294117646,71.0,154.0,140.9599999998836,645.5600000000072,0,0,1,0,1,0,0
2010-11-21,2010,11,6,4,Fall,1,1,severe weather,winter storm,5227.0,75.0,60000.0,Extended,High,0,0.0,0.0,0.0,0.0,0.0,0.0,0.0,0.0,0.0,0.0,0.0,39.0,222.0,107.38999999985266,2323.7799999999997,1,1,0,0,0,0,0
2012-09-06,2012,9,3,3,Fall,1,0,fuel supply emergency,Hydro,,,,Unknown,Unknown,0,29.0,31.76,1.0951724137931036,8.0,0.0,0.0,121.0,13346.2,110.29917355371902,1590.8,86.02479338842976,260.0,1203.0,38223.61999999983,531994.32,0,0,1,1,2,2,0
2004-07-20,2004,7,1,3,Summer,1,0,severe weather,wildfire,1414.0,214.0,,Long,Unknown,1,47.0,12091.2,257.25957446808513,11966.0,1.0,11966.0,25.0,1014.1,40.564,105.3,75.16,321.0,1763.0,26902.18999999988,83250.25,0,1,1,1,2,1,0
2013-10-19,2013,10,5,4,Fall,1,1,intentional attack,,448.0,,,Medium,Unknown,0,19.0,17.240000000000002,0.9073684210526316,5.9,0.0,0.0,2.0,30.8,15.4,19.6,70.0,138.0,588.0,476.24999999982543,3695.38,0,0,1,0,1,0,0
2008-07-07,2008,7,0,3,Summer,1,0,severe weather,heatwave,4605.0,0.0,0.0,Extended,Low,0,32.0,1847.2,57.724999999999994,1779.0,1.0,1779.0,402.0,42059.0,104.62437810945272,1606.3,82.90049751243781,353.0,2055.0,33903.09999999988,1131299.89,0,1,1,1,2,2,1
2007-02-28,2007,2,2,1,Winter,0,0,severe weather,winter storm,4080.0,110.0,671189.0,Extended,Severe,0,8.0,1.8,0.225,1.0,0.0,0.0,5.0,193.1,38.620000000000005,64.9,71.6,38.0,289.0,32.29999999988358,434.9,1,1,1,0,0,0,0
2007-06-01,2007,6,4,2,Summer,1,0,fuel supply emergency,,,,,Unknown,Unknown,0,58.0,1195.72,20.61586206896552,1100.0,1.0,1100.0,3.0,131.0,43.666666666666664,51.2,78.33333333333333,369.0,1219.0,2378.179999999885,16870.079999999998,0,0,1,1,2,1,0
2003-12-20,2003,12,5,4,Winter,0,1,equipment failure,cables,1914.0,150.0,120000.0,Extended,Severe,0,6.0,1.5,0.25,1.0,0.0,0.0,0.0,0.0,0.0,0.0,0.0,32.0,151.0,34.249999999883585,567.91,1,1,1,0,0,0,0
2008-11-07,2008,11,4,4,Fall,1,0,system operability disruption,,759.0,430.0,400000.0,Long,Severe,0,5.0,4.8,0.96,2.0,0.0,0.0,36.0,708.3,19.674999999999997,97.8,72.86111111111111,32.0,536.0,24.209999999879944,29288.17,1,1,1,0,1,1,0
2014-04-08,2014,4,1,2,Spring,0,0,intentional attack,vandalism,1.0,,,Short,Unknown,0,16.0,5.57,0.348125,2.5,0.0,0.0,2.0,122.4,61.2,79.8,95.5,40.0,225.0,15.449999999825376,599.51,0,0,1,0,1,0,0
